concurrency,total_tasks,success_count,error_count,avg_time_sec,min_time_sec,max_time_sec,total_wall_time_sec,throughput_rps
1,10,10,0,0.160235,0.078139,0.201199,0.201403,49.652
10,100,100,0,0.124245,0.055513,0.199685,0.200585,498.541
50,500,500,0,0.127946,0.051121,0.201202,0.222142,2250.810
100,1000,1000,0,0.124618,0.049212,0.201044,0.205729,4860.760
200,2000,2000,0,0.125673,0.050315,0.221326,0.268011,7462.371
